{
  "properties": {
    "connectionReferences": {
      "shared_commondataserviceforapps_1": {
        "runtimeSource": "embedded",
        "connection": {
          "connectionReferenceLogicalName": "coop_PowerBIAppDataverse"
        },
        "api": {
          "name": "shared_commondataserviceforapps"
        }
      }
    },
    "definition": {
      "$schema": "https://schema.management.azure.com/providers/Microsoft.Logic/schemas/2016-06-01/workflowdefinition.json#",
      "contentVersion": "1.0.0.0",
      "parameters": {
        "$connections": {
          "defaultValue": {},
          "type": "Object"
        },
        "$authentication": {
          "defaultValue": {},
          "type": "SecureObject"
        },
        "Power BI App Power Automate HTTP Tenant Id (coop_PowerBIAppPowerAutomateHTTPTenantId)": {
          "defaultValue": "abf29d42-2ea9-422b-b0af-ed7cb5595b7e",
          "type": "String",
          "metadata": {
            "schemaName": "coop_PowerBIAppPowerAutomateHTTPTenantId",
            "description": "In the App Registration form, this is the \"Directory (tenant) ID\" field."
          }
        },
        "Power BI App Power Automate HTTP Client Id (coop_PowerBIAppPowerAutomateHTTPClientId)": {
          "defaultValue": "543ff1eb-2e1d-4f83-8963-c97a42b04813",
          "type": "String",
          "metadata": {
            "schemaName": "coop_PowerBIAppPowerAutomateHTTPClientId",
            "description": "From App Registration: \"Application (client) ID\" field."
          }
        }
      },
      "triggers": {
        "manual": {
          "metadata": {
            "operationMetadataId": "8352c231-7174-47fe-a595-87037dbb44bd"
          },
          "type": "Request",
          "kind": "PowerAppV2",
          "inputs": {
            "schema": {
              "type": "object",
              "properties": {
                "text": {
                  "title": "InputJSON",
                  "type": "string",
                  "x-ms-dynamically-added": true,
                  "description": "Accept JSON File",
                  "x-ms-content-hint": "TEXT"
                }
              },
              "required": [
                "text"
              ]
            }
          }
        }
      },
      "actions": {
        "Parse_Power_App_JSON": {
          "runAfter": {},
          "metadata": {
            "operationMetadataId": "2adf8095-378c-4f5f-9608-87c57959563f"
          },
          "type": "ParseJson",
          "inputs": {
            "content": "@triggerBody()['text']",
            "schema": {
              "type": "object",
              "properties": {
                "WorkspaceGUID": {
                  "type": "string"
                },
                "PipelineGUID": {
                  "type": "string"
                },
                "DatasetGUID": {
                  "type": "string"
                },
                "Environment": {
                  "type": "string"
                }
              }
            }
          }
        },
        "Retrieve_the_HTTP_Secret": {
          "runAfter": {
            "Parse_Power_App_JSON": [
              "Succeeded"
            ]
          },
          "metadata": {
            "operationMetadataId": "2adb30c8-3980-4448-94f2-05d3803fe701"
          },
          "type": "OpenApiConnection",
          "inputs": {
            "host": {
              "connectionName": "shared_commondataserviceforapps_1",
              "operationId": "PerformUnboundAction",
              "apiId": "/providers/Microsoft.PowerApps/apis/shared_commondataserviceforapps"
            },
            "parameters": {
              "actionName": "RetrieveEnvironmentVariableSecretValue",
              "item/EnvironmentVariableName": "coop_PowerBIAppPowerAutomateHTTPSecret"
            },
            "authentication": "@parameters('$authentication')"
          },
          "runtimeConfiguration": {
            "secureData": {
              "properties": [
                "outputs"
              ]
            }
          }
        },
        "Has_a_Pipeline": {
          "actions": {
            "Get_Datasets": {
              "runAfter": {
                "Get_Pipeline_Artifacts_From_TEST_Stage": [
                  "Succeeded"
                ]
              },
              "metadata": {
                "operationMetadataId": "25d534db-4db1-434b-8eef-1bdd9d813fba"
              },
              "type": "Compose",
              "inputs": "@body('Get_Pipeline_Artifacts_From_TEST_Stage')?['datasets']"
            },
            "Filter_Datasets_Where_Source_Is_DEV_DatasetGUID": {
              "runAfter": {
                "Get_Datasets": [
                  "Succeeded"
                ]
              },
              "metadata": {
                "operationMetadataId": "8f9493b0-311a-438c-8a83-ce16d7b39864"
              },
              "type": "Query",
              "inputs": {
                "from": "@outputs('Get_Datasets')",
                "where": "@equals(item()?['sourceArtifactId'], body('Parse_Power_App_JSON')?['DatasetGUID'])"
              }
            },
            "Which_Environment": {
              "runAfter": {
                "Filter_Datasets_Where_Source_Is_DEV_DatasetGUID": [
                  "Succeeded"
                ]
              },
              "cases": {
                "DEV": {
                  "case": "DEV",
                  "actions": {
                    "Set_DEV_WorkspaceGUID": {
                      "runAfter": {},
                      "type": "SetVariable",
                      "inputs": {
                        "name": "WorkspaceGUID",
                        "value": "@{body('Get_Pipeline_Workspaces')['stages'][0]['workspaceId']}"
                      }
                    },
                    "Set_DEV_DatasetGUID": {
                      "runAfter": {
                        "Set_DEV_WorkspaceGUID": [
                          "Succeeded"
                        ]
                      },
                      "type": "SetVariable",
                      "inputs": {
                        "name": "DatasetGUID",
                        "value": "@{body('Filter_Datasets_Where_Source_Is_DEV_DatasetGUID')[0]?['sourceArtifactId']}"
                      }
                    }
                  }
                },
                "TEST": {
                  "case": "TEST",
                  "actions": {
                    "Set_TEST_WorkspaceGUID": {
                      "runAfter": {},
                      "type": "SetVariable",
                      "inputs": {
                        "name": "WorkspaceGUID",
                        "value": "@{body('Get_Pipeline_Workspaces')['stages'][1]['workspaceId']}"
                      }
                    },
                    "Set_TEST_DatasetGUID": {
                      "runAfter": {
                        "Set_TEST_WorkspaceGUID": [
                          "Succeeded"
                        ]
                      },
                      "type": "SetVariable",
                      "inputs": {
                        "name": "DatasetGUID",
                        "value": "@{body('Filter_Datasets_Where_Source_Is_DEV_DatasetGUID')[0]?['artifactId']}"
                      }
                    }
                  }
                },
                "PROD": {
                  "case": "PROD",
                  "actions": {
                    "Set_PROD_WorkspaceGUID": {
                      "runAfter": {},
                      "type": "SetVariable",
                      "inputs": {
                        "name": "WorkspaceGUID",
                        "value": "@{body('Get_Pipeline_Workspaces')['stages'][2]['workspaceId']}"
                      }
                    },
                    "Set_PROD_DatasetGUID": {
                      "runAfter": {
                        "Set_PROD_WorkspaceGUID": [
                          "Succeeded"
                        ]
                      },
                      "type": "SetVariable",
                      "inputs": {
                        "name": "DatasetGUID",
                        "value": "@{body('Filter_Datasets_Where_Source_Is_DEV_DatasetGUID')[0]?['targetArtifactId']}"
                      }
                    }
                  }
                }
              },
              "default": {
                "actions": {}
              },
              "expression": "@body('Parse_Power_App_JSON')?['Environment']",
              "metadata": {
                "operationMetadataId": "f50aa9e0-fa0b-486f-bcae-c61bf681f905"
              },
              "type": "Switch"
            },
            "Get_Pipeline_Workspaces": {
              "runAfter": {},
              "metadata": {
                "operationMetadataId": "6cf38d96-2ffa-405f-a2b7-9c87c10083a5"
              },
              "type": "Http",
              "inputs": {
                "method": "GET",
                "uri": "https://api.powerbi.com/v1.0/myorg/pipelines/@{body('Parse_Power_App_JSON')?['PipelineGUID']}?$expand=stages",
                "authentication": {
                  "type": "ActiveDirectoryOAuth",
                  "tenant": "@parameters('Power BI App Power Automate HTTP Tenant Id (coop_PowerBIAppPowerAutomateHTTPTenantId)')",
                  "audience": "https://analysis.windows.net/powerbi/api",
                  "clientId": "@parameters('Power BI App Power Automate HTTP Client Id (coop_PowerBIAppPowerAutomateHTTPClientId)')",
                  "secret": "@outputs('Retrieve_the_HTTP_Secret')?['body/EnvironmentVariableSecretValue']"
                }
              }
            },
            "Get_Pipeline_Artifacts_From_TEST_Stage": {
              "runAfter": {
                "Get_Pipeline_Workspaces": [
                  "Succeeded"
                ]
              },
              "metadata": {
                "operationMetadataId": "6cf38d96-2ffa-405f-a2b7-9c87c10083a5"
              },
              "type": "Http",
              "inputs": {
                "method": "GET",
                "uri": "https://api.powerbi.com/v1.0/myorg/pipelines/@{body('Parse_Power_App_JSON')?['PipelineGUID']}/stages/1/artifacts",
                "authentication": {
                  "type": "ActiveDirectoryOAuth",
                  "tenant": "@parameters('Power BI App Power Automate HTTP Tenant Id (coop_PowerBIAppPowerAutomateHTTPTenantId)')",
                  "audience": "https://analysis.windows.net/powerbi/api",
                  "clientId": "@parameters('Power BI App Power Automate HTTP Client Id (coop_PowerBIAppPowerAutomateHTTPClientId)')",
                  "secret": "@outputs('Retrieve_the_HTTP_Secret')?['body/EnvironmentVariableSecretValue']"
                }
              }
            }
          },
          "runAfter": {
            "Initialize_DatasetGUID": [
              "Succeeded"
            ]
          },
          "else": {
            "actions": {
              "Set_WorkspaceGUID_from_JSON": {
                "runAfter": {},
                "metadata": {
                  "operationMetadataId": "dbb4f921-d1e7-4c53-b849-758778cd6f62"
                },
                "type": "SetVariable",
                "inputs": {
                  "name": "WorkspaceGUID",
                  "value": "@body('Parse_Power_App_JSON')?['WorkspaceGUID']"
                }
              },
              "Set_DatasetGUID_from_JSON": {
                "runAfter": {
                  "Set_WorkspaceGUID_from_JSON": [
                    "Succeeded"
                  ]
                },
                "metadata": {
                  "operationMetadataId": "68603fa3-7e2b-4b52-a7af-5bab1d2267e7"
                },
                "type": "SetVariable",
                "inputs": {
                  "name": "DatasetGUID",
                  "value": "@body('Parse_Power_App_JSON')?['DatasetGUID']"
                }
              }
            }
          },
          "expression": {
            "not": {
              "equals": [
                "@body('Parse_Power_App_JSON')?['PipelineGUID']",
                ""
              ]
            }
          },
          "metadata": {
            "operationMetadataId": "1f6a26df-e047-4135-8768-79133f8f5f7f"
          },
          "type": "If"
        },
        "Initialize_DatasetGUID": {
          "runAfter": {
            "Initialize_WorkspaceGUID": [
              "Succeeded"
            ]
          },
          "metadata": {
            "operationMetadataId": "7ccd79d7-a058-4134-95dd-e4f011d7a664"
          },
          "type": "InitializeVariable",
          "inputs": {
            "variables": [
              {
                "name": "DatasetGUID",
                "type": "string"
              }
            ]
          }
        },
        "Initialize_WorkspaceGUID": {
          "runAfter": {
            "Retrieve_the_HTTP_Secret": [
              "Succeeded"
            ]
          },
          "metadata": {
            "operationMetadataId": "59619d6f-a5d2-4174-ac11-1c881453fa4d"
          },
          "type": "InitializeVariable",
          "inputs": {
            "variables": [
              {
                "name": "WorkspaceGUID",
                "type": "string"
              }
            ]
          }
        },
        "Refresh_Dataset": {
          "runAfter": {
            "Has_a_Pipeline": [
              "Succeeded"
            ]
          },
          "metadata": {
            "operationMetadataId": "6cf38d96-2ffa-405f-a2b7-9c87c10083a5"
          },
          "type": "Http",
          "inputs": {
            "method": "POST",
            "uri": "https://api.powerbi.com/v1.0/myorg/groups/@{variables('WorkspaceGUID')}/datasets/@{variables('DatasetGUID')}/refreshes",
            "authentication": {
              "type": "ActiveDirectoryOAuth",
              "tenant": "@parameters('Power BI App Power Automate HTTP Tenant Id (coop_PowerBIAppPowerAutomateHTTPTenantId)')",
              "audience": "https://analysis.windows.net/powerbi/api",
              "clientId": "@parameters('Power BI App Power Automate HTTP Client Id (coop_PowerBIAppPowerAutomateHTTPClientId)')",
              "secret": "@outputs('Retrieve_the_HTTP_Secret')?['body/EnvironmentVariableSecretValue']"
            }
          }
        },
        "Condition": {
          "actions": {
            "PowerApp_Success_Response": {
              "runAfter": {},
              "metadata": {
                "operationMetadataId": "018d3c37-0655-4200-876f-b66b0244c4ee"
              },
              "type": "Response",
              "kind": "PowerApp",
              "inputs": {
                "statusCode": 200,
                "body": {
                  "responsejson": "{\n\"Status\": \"Success\",\n\"Message\": @{body('Refresh_Dataset')?['message']}\n}"
                },
                "schema": {
                  "type": "object",
                  "properties": {
                    "responsejson": {
                      "title": "ResponseJSON",
                      "x-ms-dynamically-added": true,
                      "type": "string"
                    }
                  }
                }
              }
            }
          },
          "runAfter": {
            "Refresh_Dataset": [
              "Succeeded",
              "Failed"
            ]
          },
          "else": {
            "actions": {
              "PowerApp_Failure_Response": {
                "runAfter": {},
                "metadata": {
                  "operationMetadataId": "018d3c37-0655-4200-876f-b66b0244c4ee"
                },
                "type": "Response",
                "kind": "PowerApp",
                "inputs": {
                  "statusCode": 200,
                  "body": {
                    "responsejson": "{\n\"Status\": \"Failed\",\n\"Message\": @{body('Refresh_Dataset')?['message']}\n}"
                  },
                  "schema": {
                    "type": "object",
                    "properties": {
                      "responsejson": {
                        "title": "ResponseJSON",
                        "x-ms-dynamically-added": true,
                        "type": "string"
                      }
                    }
                  }
                }
              }
            }
          },
          "expression": {
            "or": [
              {
                "equals": [
                  "@outputs('Refresh_Dataset')['statusCode']",
                  200
                ]
              },
              {
                "equals": [
                  "@outputs('Refresh_Dataset')['statusCode']",
                  202
                ]
              }
            ]
          },
          "metadata": {
            "operationMetadataId": "d10ce85c-d79b-4d34-9ca9-6ad78f752bf6"
          },
          "type": "If"
        }
      }
    },
    "templateName": ""
  },
  "schemaVersion": "1.0.0.0"
}