{
  "properties": {
    "connectionReferences": {
      "shared_sharepointonline_1": {
        "runtimeSource": "invoker",
        "connection": {
          "connectionReferenceLogicalName": "coop_PowerBIAppSharePoint"
        },
        "api": {
          "name": "shared_sharepointonline"
        }
      }
    },
    "definition": {
      "$schema": "https://schema.management.azure.com/providers/Microsoft.Logic/schemas/2016-06-01/workflowdefinition.json#",
      "contentVersion": "1.0.0.0",
      "parameters": {
        "$connections": {
          "defaultValue": {},
          "type": "Object"
        },
        "$authentication": {
          "defaultValue": {},
          "type": "SecureObject"
        },
        "Power BI App SharePoint Site Address (coop_PowerBIAppSharePointSiteAddress)": {
          "defaultValue": "https://cooptimizes.sharepoint.com/sites/PowerBIFilesandLists",
          "type": "String",
          "metadata": {
            "schemaName": "coop_PowerBIAppSharePointSiteAddress",
            "description": "URL for the SharePoint site that contains the .pbix files"
          }
        },
        "Power BI App SharePoint Library Name (coop_PowerBIAppSharePointLibraryName)": {
          "defaultValue": "Documents",
          "type": "String",
          "metadata": {
            "schemaName": "coop_PowerBIAppSharePointLibraryName",
            "description": "SharePoint library that stores the .pbix files."
          }
        }
      },
      "triggers": {
        "manual": {
          "metadata": {
            "operationMetadataId": "0b435f6a-add2-4026-a91e-08e37e1b906a"
          },
          "type": "Request",
          "kind": "PowerAppV2",
          "inputs": {
            "schema": {
              "type": "object",
              "properties": {
                "text": {
                  "title": "InputJSON",
                  "type": "string",
                  "x-ms-dynamically-added": true,
                  "description": "InputJSON",
                  "x-ms-content-hint": "TEXT"
                }
              },
              "required": [
                "text"
              ]
            }
          }
        }
      },
      "actions": {
        "Parse_Power_Apps_Input": {
          "runAfter": {},
          "metadata": {
            "operationMetadataId": "1cf1ea76-6596-4f64-b2c5-020200566b6e"
          },
          "type": "ParseJson",
          "inputs": {
            "content": "@triggerBody()['text']",
            "schema": {
              "type": "object",
              "properties": {
                "SharePointId": {
                  "type": "integer"
                }
              }
            }
          }
        },
        "ReponseJSON": {
          "runAfter": {
            "Get_pbix_File_Properties": [
              "Succeeded"
            ]
          },
          "metadata": {
            "operationMetadataId": "eeee48c0-84e4-4241-bdfc-73779eb5e610"
          },
          "type": "Compose",
          "inputs": {
            "SharePointModifiedOn": "@{outputs('Get_pbix_File_Properties')?['body/Modified']}"
          }
        },
        "Get_pbix_File_Properties": {
          "runAfter": {
            "Parse_Power_Apps_Input": [
              "Succeeded"
            ]
          },
          "metadata": {
            "operationMetadataId": "dc9fd523-31b8-4326-8aa5-6ea9a828ed7a"
          },
          "type": "OpenApiConnection",
          "inputs": {
            "host": {
              "connectionName": "shared_sharepointonline_1",
              "operationId": "GetFileItem",
              "apiId": "/providers/Microsoft.PowerApps/apis/shared_sharepointonline"
            },
            "parameters": {
              "dataset": "@parameters('Power BI App SharePoint Site Address (coop_PowerBIAppSharePointSiteAddress)')",
              "table": "@parameters('Power BI App SharePoint Library Name (coop_PowerBIAppSharePointLibraryName)')",
              "id": "@body('Parse_Power_Apps_Input')?['SharePointId']"
            },
            "authentication": "@parameters('$authentication')"
          }
        },
        "Respond_to_a_PowerApp_or_flow": {
          "runAfter": {
            "ReponseJSON": [
              "Succeeded"
            ]
          },
          "metadata": {
            "operationMetadataId": "f49c21b7-064c-47b1-b3fc-05994b79ae89"
          },
          "type": "Response",
          "kind": "PowerApp",
          "inputs": {
            "statusCode": 200,
            "body": {
              "responsejson": "@{outputs('ReponseJSON')}"
            },
            "schema": {
              "type": "object",
              "properties": {
                "responsejson": {
                  "title": "ResponseJSON",
                  "x-ms-dynamically-added": true,
                  "type": "string"
                }
              }
            }
          }
        }
      }
    },
    "templateName": null
  },
  "schemaVersion": "1.0.0.0"
}