{
  "properties": {
    "connectionReferences": {
      "shared_commondataserviceforapps_1": {
        "runtimeSource": "embedded",
        "connection": {
          "connectionReferenceLogicalName": "coop_PowerBIAppDataverse"
        },
        "api": {
          "name": "shared_commondataserviceforapps"
        }
      },
      "shared_sharepointonline_1": {
        "runtimeSource": "invoker",
        "connection": {
          "connectionReferenceLogicalName": "coop_PowerBIAppSharePoint"
        },
        "api": {
          "name": "shared_sharepointonline"
        }
      }
    },
    "definition": {
      "$schema": "https://schema.management.azure.com/providers/Microsoft.Logic/schemas/2016-06-01/workflowdefinition.json#",
      "contentVersion": "1.0.0.0",
      "parameters": {
        "$connections": {
          "defaultValue": {},
          "type": "Object"
        },
        "$authentication": {
          "defaultValue": {},
          "type": "SecureObject"
        },
        "Power BI App SharePoint Site Address (coop_PowerBIAppSharePointSiteAddress)": {
          "defaultValue": "https://cooptimizes.sharepoint.com/sites/PowerBIFilesandLists",
          "type": "String",
          "metadata": {
            "schemaName": "coop_PowerBIAppSharePointSiteAddress",
            "description": "URL for the SharePoint site that contains the .pbix files"
          }
        },
        "Power BI App SharePoint Library Name (coop_PowerBIAppSharePointLibraryName)": {
          "defaultValue": "Documents",
          "type": "String",
          "metadata": {
            "schemaName": "coop_PowerBIAppSharePointLibraryName",
            "description": "SharePoint library that stores the .pbix files."
          }
        },
        "Power BI App Power Automate HTTP Tenant Id (coop_PowerBIAppPowerAutomateHTTPTenantId)": {
          "defaultValue": "abf29d42-2ea9-422b-b0af-ed7cb5595b7e",
          "type": "String",
          "metadata": {
            "schemaName": "coop_PowerBIAppPowerAutomateHTTPTenantId",
            "description": "In the App Registration form, this is the \"Directory (tenant) ID\" field."
          }
        },
        "Power BI App Power Automate HTTP Client Id (coop_PowerBIAppPowerAutomateHTTPClientId)": {
          "defaultValue": "543ff1eb-2e1d-4f83-8963-c97a42b04813",
          "type": "String",
          "metadata": {
            "schemaName": "coop_PowerBIAppPowerAutomateHTTPClientId",
            "description": "From App Registration: \"Application (client) ID\" field."
          }
        }
      },
      "triggers": {
        "manual": {
          "metadata": {
            "operationMetadataId": "8352c231-7174-47fe-a595-87037dbb44bd"
          },
          "type": "Request",
          "kind": "PowerAppV2",
          "inputs": {
            "schema": {
              "type": "object",
              "properties": {
                "text": {
                  "title": "InputJSON",
                  "type": "string",
                  "x-ms-dynamically-added": true,
                  "description": "Accept JSON File",
                  "x-ms-content-hint": "TEXT"
                }
              },
              "required": [
                "text"
              ]
            }
          }
        }
      },
      "actions": {
        "Parse_Power_App_JSON": {
          "runAfter": {},
          "metadata": {
            "operationMetadataId": "2adf8095-378c-4f5f-9608-87c57959563f"
          },
          "type": "ParseJson",
          "inputs": {
            "content": "@triggerBody()['text']",
            "schema": {
              "type": "object",
              "properties": {
                "FileName": {
                  "type": [
                    "string",
                    "null"
                  ]
                },
                "SharePointId": {
                  "type": "integer"
                },
                "SaveComments": {
                  "type": "boolean"
                },
                "Publish": {
                  "type": "boolean"
                },
                "PromoteTest": {
                  "type": "boolean"
                },
                "PromoteProd": {
                  "type": "boolean"
                },
                "SummaryText": {
                  "type": "string"
                },
                "DescriptionText": {
                  "type": [
                    "string",
                    "null"
                  ]
                },
                "WorkspaceGUID": {
                  "type": "string"
                },
                "PipelineGUID": {
                  "type": "string"
                },
                "DatasetGUID": {
                  "type": "string"
                },
                "ReportGUID": {
                  "type": "string"
                }
              }
            }
          }
        },
        "Save_Comments_Is_True": {
          "actions": {
            "Create_Change_History_Record": {
              "runAfter": {},
              "metadata": {
                "operationMetadataId": "fa0673d5-0c6c-4700-876c-5832918228e3"
              },
              "type": "OpenApiConnection",
              "inputs": {
                "host": {
                  "connectionName": "shared_commondataserviceforapps_1",
                  "operationId": "CreateRecord",
                  "apiId": "/providers/Microsoft.PowerApps/apis/shared_commondataserviceforapps"
                },
                "parameters": {
                  "entityName": "coop_powerbiappchangehistories",
                  "item/coop_summary": "@body('Parse_Power_App_JSON')?['SummaryText']",
                  "item/coop_description": "@body('Parse_Power_App_JSON')?['DescriptionText']",
                  "item/coop_filename": "@outputs('Get_pbix_File_Properties')?['body/{FilenameWithExtension}']",
                  "item/coop_sharepointid": "@body('Parse_Power_App_JSON')?['SharePointId']"
                },
                "authentication": "@parameters('$authentication')"
              }
            }
          },
          "runAfter": {
            "Get_pbix_File_Content": [
              "Succeeded"
            ]
          },
          "expression": {
            "equals": [
              "@body('Parse_Power_App_JSON')?['SaveComments']",
              true
            ]
          },
          "metadata": {
            "operationMetadataId": "0f2cef00-b9ec-4e1a-a155-a5db3b180eae"
          },
          "type": "If"
        },
        "Publish_Is_True": {
          "actions": {
            "URL_Encoded_File_Name": {
              "runAfter": {},
              "metadata": {
                "operationMetadataId": "2b538b8b-5fbf-49d9-b6fc-26926921feab"
              },
              "type": "Compose",
              "inputs": "@encodeUriComponent(outputs('Get_pbix_File_Properties')?['body/{Name}'])"
            },
            "Publish_Dataset_Only_When_Dataset_Exists_But_Report_Does_Not": {
              "actions": {
                "Publish_Dataset": {
                  "runAfter": {},
                  "metadata": {
                    "operationMetadataId": "6cf38d96-2ffa-405f-a2b7-9c87c10083a5"
                  },
                  "type": "Http",
                  "inputs": {
                    "method": "POST",
                    "uri": "https://api.powerbi.com/v1.0/myorg/groups/@{body('Parse_Power_App_JSON')?['WorkspaceGUID']}/imports?datasetDisplayName=@{outputs('URL_Encoded_File_Name')}&skipReport=true&nameConflict=CreateOrOverwrite",
                    "body": {
                      "$content-type": "multipart/form-data",
                      "$multipart": [
                        {
                          "headers": {
                            "Content-Disposition": "form-data; name=\"@{outputs('Get_pbix_File_Properties')?['body/{Name}']}\"; filename=\"@{outputs('Get_pbix_File_Properties')?['body/{FilenameWithExtension}']}\""
                          },
                          "body": "@body('Get_pbix_File_Content')"
                        }
                      ]
                    },
                    "authentication": {
                      "type": "ActiveDirectoryOAuth",
                      "tenant": "@parameters('Power BI App Power Automate HTTP Tenant Id (coop_PowerBIAppPowerAutomateHTTPTenantId)')",
                      "audience": "https://analysis.windows.net/powerbi/api",
                      "clientId": "@parameters('Power BI App Power Automate HTTP Client Id (coop_PowerBIAppPowerAutomateHTTPClientId)')",
                      "secret": "@outputs('Retrieve_the_HTTP_Secret')?['body/EnvironmentVariableSecretValue']"
                    }
                  }
                }
              },
              "runAfter": {
                "URL_Encoded_File_Name": [
                  "Succeeded"
                ]
              },
              "else": {
                "actions": {
                  "Publish_Dataset_and_Report": {
                    "runAfter": {},
                    "metadata": {
                      "operationMetadataId": "6cf38d96-2ffa-405f-a2b7-9c87c10083a5"
                    },
                    "type": "Http",
                    "inputs": {
                      "method": "POST",
                      "uri": "https://api.powerbi.com/v1.0/myorg/groups/@{body('Parse_Power_App_JSON')?['WorkspaceGUID']}/imports?datasetDisplayName=@{outputs('URL_Encoded_File_Name')}&nameConflict=CreateOrOverwrite",
                      "body": {
                        "$content-type": "multipart/form-data",
                        "$multipart": [
                          {
                            "headers": {
                              "Content-Disposition": "form-data; name=\"@{outputs('Get_pbix_File_Properties')?['body/{Name}']}\"; filename=\"@{outputs('Get_pbix_File_Properties')?['body/{FilenameWithExtension}']}\""
                            },
                            "body": "@body('Get_pbix_File_Content')"
                          }
                        ]
                      },
                      "authentication": {
                        "type": "ActiveDirectoryOAuth",
                        "tenant": "@parameters('Power BI App Power Automate HTTP Tenant Id (coop_PowerBIAppPowerAutomateHTTPTenantId)')",
                        "audience": "https://analysis.windows.net/powerbi/api",
                        "clientId": "@parameters('Power BI App Power Automate HTTP Client Id (coop_PowerBIAppPowerAutomateHTTPClientId)')",
                        "secret": "@outputs('Retrieve_the_HTTP_Secret')?['body/EnvironmentVariableSecretValue']"
                      }
                    }
                  }
                }
              },
              "expression": {
                "and": [
                  {
                    "not": {
                      "equals": [
                        "@body('Parse_Power_App_JSON')?['DatasetGUID']",
                        ""
                      ]
                    }
                  },
                  {
                    "equals": [
                      "@body('Parse_Power_App_JSON')?['ReportGUID']",
                      ""
                    ]
                  }
                ]
              },
              "metadata": {
                "operationMetadataId": "6ad6229c-f1ba-4ce2-b32b-495118760847"
              },
              "type": "If"
            }
          },
          "runAfter": {
            "Save_Comments_Is_True": [
              "Succeeded"
            ]
          },
          "expression": {
            "equals": [
              "@body('Parse_Power_App_JSON')?['Publish']",
              true
            ]
          },
          "metadata": {
            "operationMetadataId": "ee73df87-f925-4233-8855-d63d6ec0b65b"
          },
          "type": "If"
        },
        "Respond_to_a_PowerApp_or_flow": {
          "runAfter": {
            "Pipeline_Deploy_to_Prod": [
              "Succeeded"
            ]
          },
          "metadata": {
            "operationMetadataId": "018d3c37-0655-4200-876f-b66b0244c4ee"
          },
          "type": "Response",
          "kind": "PowerApp",
          "inputs": {
            "statusCode": 200,
            "body": {
              "responsejson": "{}"
            },
            "schema": {
              "type": "object",
              "properties": {
                "responsejson": {
                  "title": "ResponseJSON",
                  "x-ms-dynamically-added": true,
                  "type": "string"
                }
              }
            }
          }
        },
        "Get_pbix_File_Content": {
          "runAfter": {
            "Get_pbix_File_Properties": [
              "Succeeded"
            ]
          },
          "metadata": {
            "operationMetadataId": "c45665f6-ffd5-4d10-8abd-7d3ee10d4a7b"
          },
          "type": "OpenApiConnection",
          "inputs": {
            "host": {
              "connectionName": "shared_sharepointonline_1",
              "operationId": "GetFileContent",
              "apiId": "/providers/Microsoft.PowerApps/apis/shared_sharepointonline"
            },
            "parameters": {
              "dataset": "@parameters('Power BI App SharePoint Site Address (coop_PowerBIAppSharePointSiteAddress)')",
              "id": "@outputs('Get_pbix_File_Properties')?['body/{Identifier}']",
              "inferContentType": true
            },
            "authentication": "@parameters('$authentication')"
          }
        },
        "Get_pbix_File_Properties": {
          "runAfter": {
            "Retrieve_the_HTTP_Secret": [
              "Succeeded"
            ]
          },
          "metadata": {
            "operationMetadataId": "e679c419-a6db-4919-97dd-729174ce3354"
          },
          "type": "OpenApiConnection",
          "inputs": {
            "host": {
              "connectionName": "shared_sharepointonline_1",
              "operationId": "GetFileItem",
              "apiId": "/providers/Microsoft.PowerApps/apis/shared_sharepointonline"
            },
            "parameters": {
              "dataset": "@parameters('Power BI App SharePoint Site Address (coop_PowerBIAppSharePointSiteAddress)')",
              "table": "@parameters('Power BI App SharePoint Library Name (coop_PowerBIAppSharePointLibraryName)')",
              "id": "@body('Parse_Power_App_JSON')?['SharePointId']"
            },
            "authentication": "@parameters('$authentication')"
          }
        },
        "Pipeline_Deploy_to_Test": {
          "actions": {
            "Set_Pipeline_Status_Test": {
              "runAfter": {
                "Promote_Pipeline_to_Test": [
                  "Succeeded"
                ]
              },
              "metadata": {
                "operationMetadataId": "65536374-b087-41a5-ba5a-121fbf22c87a"
              },
              "type": "SetVariable",
              "inputs": {
                "name": "IsPipelineExecuting",
                "value": "@{body('Promote_Pipeline_to_Test')?['status']}"
              }
            },
            "Set_Execution_Id_Test": {
              "runAfter": {
                "Set_Pipeline_Status_Test": [
                  "Succeeded"
                ]
              },
              "metadata": {
                "operationMetadataId": "d741b04b-6152-4079-aa1a-916227dc5da2"
              },
              "type": "SetVariable",
              "inputs": {
                "name": "ExecutionId",
                "value": "@{body('Promote_Pipeline_to_Test')?['id']}"
              }
            },
            "Check_Test_Execution_Until_Finished": {
              "actions": {
                "Recheck_Test_Execution_Status": {
                  "runAfter": {
                    "Check_Status_of_Test_Deployment": [
                      "Succeeded"
                    ]
                  },
                  "metadata": {
                    "operationMetadataId": "45c25bd0-a88a-4fd0-899c-aae063710180"
                  },
                  "type": "SetVariable",
                  "inputs": {
                    "name": "IsPipelineExecuting",
                    "value": "@{body('Check_Status_of_Test_Deployment')?['status']}"
                  }
                },
                "Wait_5_Seconds_Test_Loop": {
                  "runAfter": {},
                  "metadata": {
                    "operationMetadataId": "69435e06-128e-4283-8cc1-79041a90ff22"
                  },
                  "type": "Wait",
                  "inputs": {
                    "interval": {
                      "count": 5,
                      "unit": "Second"
                    }
                  }
                },
                "Check_Status_of_Test_Deployment": {
                  "runAfter": {
                    "Wait_5_Seconds_Test_Loop": [
                      "Succeeded"
                    ]
                  },
                  "metadata": {
                    "operationMetadataId": "6cf38d96-2ffa-405f-a2b7-9c87c10083a5"
                  },
                  "type": "Http",
                  "inputs": {
                    "method": "GET",
                    "uri": "https://api.powerbi.com/v1.0/myorg/pipelines/@{body('Parse_Power_App_JSON')?['PipelineGUID']}/operations/@{variables('ExecutionId')}",
                    "authentication": {
                      "type": "ActiveDirectoryOAuth",
                      "tenant": "@parameters('Power BI App Power Automate HTTP Tenant Id (coop_PowerBIAppPowerAutomateHTTPTenantId)')",
                      "audience": "https://analysis.windows.net/powerbi/api",
                      "clientId": "@parameters('Power BI App Power Automate HTTP Client Id (coop_PowerBIAppPowerAutomateHTTPClientId)')",
                      "secret": "@outputs('Retrieve_the_HTTP_Secret')?['body/EnvironmentVariableSecretValue']"
                    },
                    "retryPolicy": {
                      "type": "none"
                    }
                  }
                }
              },
              "runAfter": {
                "Set_Execution_Id_Test": [
                  "Succeeded"
                ]
              },
              "expression": "@and(not(equals(variables('IsPipelineExecuting'), 'Executing')), not(equals(variables('IsPipelineExecuting'), 'NotStarted')))",
              "limit": {
                "count": 60,
                "timeout": "PT1H"
              },
              "metadata": {
                "operationMetadataId": "d859cd11-bf0b-46ca-8dd3-06ee07f15305"
              },
              "type": "Until"
            },
            "Promote_Pipeline_to_Test": {
              "runAfter": {
                "Report_JSON": [
                  "Succeeded"
                ]
              },
              "metadata": {
                "operationMetadataId": "6cf38d96-2ffa-405f-a2b7-9c87c10083a5"
              },
              "type": "Http",
              "inputs": {
                "method": "POST",
                "uri": "https://api.powerbi.com/v1.0/myorg/pipelines/@{body('Parse_Power_App_JSON')?['PipelineGUID']}/deploy",
                "body": {
                  "sourceStageOrder": 0,
                  "dataflows": [],
                  "datamarts": [],
                  "datasets": "@if(empty(body('Parse_Power_App_JSON')?['DatasetGUID']), outputs('Blank_JSON') , outputs('Dataset_JSON'))",
                  "reports": "@if(empty(body('Parse_Power_App_JSON')?['ReportGUID']), outputs('Blank_JSON') , outputs('Report_JSON'))",
                  "dashboards": [],
                  "options": {
                    "allowOverwriteArtifact": true,
                    "allowCreateArtifact": true
                  }
                },
                "authentication": {
                  "type": "ActiveDirectoryOAuth",
                  "tenant": "@parameters('Power BI App Power Automate HTTP Tenant Id (coop_PowerBIAppPowerAutomateHTTPTenantId)')",
                  "audience": "https://analysis.windows.net/powerbi/api",
                  "clientId": "@parameters('Power BI App Power Automate HTTP Client Id (coop_PowerBIAppPowerAutomateHTTPClientId)')",
                  "secret": "@outputs('Retrieve_the_HTTP_Secret')?['body/EnvironmentVariableSecretValue']"
                },
                "retryPolicy": {
                  "type": "none"
                }
              }
            },
            "Dataset_JSON": {
              "runAfter": {},
              "metadata": {
                "operationMetadataId": "6397d157-4079-42af-8195-e263feede891"
              },
              "type": "Compose",
              "inputs": [
                {
                  "sourceId": "@{body('Parse_Power_App_JSON')?['DatasetGUID']}"
                }
              ]
            },
            "Report_JSON": {
              "runAfter": {
                "Dataset_JSON": [
                  "Succeeded"
                ]
              },
              "metadata": {
                "operationMetadataId": "118559ca-3f2d-447a-b511-d9d5df587e93"
              },
              "type": "Compose",
              "inputs": [
                {
                  "sourceId": "@{body('Parse_Power_App_JSON')?['ReportGUID']}"
                }
              ]
            }
          },
          "runAfter": {
            "Variable_ExecutionId": [
              "Succeeded"
            ]
          },
          "expression": {
            "and": [
              {
                "equals": [
                  "@body('Parse_Power_App_JSON')?['PromoteTest']",
                  "@true"
                ]
              },
              {
                "not": {
                  "equals": [
                    "@body('Parse_Power_App_JSON')?['PipelineGUID']",
                    ""
                  ]
                }
              }
            ]
          },
          "metadata": {
            "operationMetadataId": "c8636c92-4912-4eff-a90f-eb3cea41f333"
          },
          "type": "If"
        },
        "Variable_IsPipelineExecuting": {
          "runAfter": {
            "Blank_JSON": [
              "Succeeded"
            ]
          },
          "metadata": {
            "operationMetadataId": "3c394b1a-0bd5-4418-bded-604bc220b2e7"
          },
          "type": "InitializeVariable",
          "inputs": {
            "variables": [
              {
                "name": "IsPipelineExecuting",
                "type": "string"
              }
            ]
          }
        },
        "Variable_ExecutionId": {
          "runAfter": {
            "Variable_IsPipelineExecuting": [
              "Succeeded"
            ]
          },
          "metadata": {
            "operationMetadataId": "2c8e483a-9dd4-4adb-9212-eca47c1d34c0"
          },
          "type": "InitializeVariable",
          "inputs": {
            "variables": [
              {
                "name": "ExecutionId",
                "type": "string"
              }
            ]
          }
        },
        "Pipeline_Deploy_to_Prod": {
          "actions": {
            "Set_Pipeline_Status_Prod": {
              "runAfter": {
                "Promote_Pipeline_to_Prod": [
                  "Succeeded"
                ]
              },
              "metadata": {
                "operationMetadataId": "65536374-b087-41a5-ba5a-121fbf22c87a"
              },
              "type": "SetVariable",
              "inputs": {
                "name": "IsPipelineExecuting",
                "value": "@{body('Promote_Pipeline_to_Prod')?['status']}"
              }
            },
            "Set_Execution_Id_Prod": {
              "runAfter": {
                "Set_Pipeline_Status_Prod": [
                  "Succeeded"
                ]
              },
              "metadata": {
                "operationMetadataId": "d741b04b-6152-4079-aa1a-916227dc5da2"
              },
              "type": "SetVariable",
              "inputs": {
                "name": "ExecutionId",
                "value": "@{body('Promote_Pipeline_to_Prod')?['id']}"
              }
            },
            "Check_Prod_Execution_Until_Finished": {
              "actions": {
                "Recheck_Prod_Execution_Status": {
                  "runAfter": {
                    "Check_Status_of_Prod_Deployment": [
                      "Succeeded"
                    ]
                  },
                  "metadata": {
                    "operationMetadataId": "45c25bd0-a88a-4fd0-899c-aae063710180"
                  },
                  "type": "SetVariable",
                  "inputs": {
                    "name": "IsPipelineExecuting",
                    "value": "@{body('Check_Status_of_Prod_Deployment')?['status']}"
                  }
                },
                "Wait_5_Seconds_Test_Loop_Prod": {
                  "runAfter": {},
                  "metadata": {
                    "operationMetadataId": "69435e06-128e-4283-8cc1-79041a90ff22"
                  },
                  "type": "Wait",
                  "inputs": {
                    "interval": {
                      "count": 5,
                      "unit": "Second"
                    }
                  }
                },
                "Check_Status_of_Prod_Deployment": {
                  "runAfter": {
                    "Wait_5_Seconds_Test_Loop_Prod": [
                      "Succeeded"
                    ]
                  },
                  "metadata": {
                    "operationMetadataId": "6cf38d96-2ffa-405f-a2b7-9c87c10083a5"
                  },
                  "type": "Http",
                  "inputs": {
                    "method": "GET",
                    "uri": "https://api.powerbi.com/v1.0/myorg/pipelines/@{body('Parse_Power_App_JSON')?['PipelineGUID']}/operations/@{variables('ExecutionId')}",
                    "authentication": {
                      "type": "ActiveDirectoryOAuth",
                      "tenant": "@parameters('Power BI App Power Automate HTTP Tenant Id (coop_PowerBIAppPowerAutomateHTTPTenantId)')",
                      "audience": "https://analysis.windows.net/powerbi/api",
                      "clientId": "@parameters('Power BI App Power Automate HTTP Client Id (coop_PowerBIAppPowerAutomateHTTPClientId)')",
                      "secret": "@outputs('Retrieve_the_HTTP_Secret')?['body/EnvironmentVariableSecretValue']"
                    },
                    "retryPolicy": {
                      "type": "none"
                    }
                  }
                }
              },
              "runAfter": {
                "Set_Execution_Id_Prod": [
                  "Succeeded"
                ]
              },
              "expression": "@not(equals(variables('IsPipelineExecuting'), 'Executing'))",
              "limit": {
                "count": 60,
                "timeout": "PT1H"
              },
              "metadata": {
                "operationMetadataId": "d859cd11-bf0b-46ca-8dd3-06ee07f15305"
              },
              "type": "Until"
            },
            "Promote_Pipeline_to_Prod": {
              "runAfter": {
                "Report_JSON_in_Test": [
                  "Succeeded"
                ]
              },
              "metadata": {
                "operationMetadataId": "6cf38d96-2ffa-405f-a2b7-9c87c10083a5"
              },
              "type": "Http",
              "inputs": {
                "method": "POST",
                "uri": "https://api.powerbi.com/v1.0/myorg/pipelines/@{body('Parse_Power_App_JSON')?['PipelineGUID']}/deploy",
                "body": {
                  "sourceStageOrder": 1,
                  "dataflows": [],
                  "datamarts": [],
                  "datasets": "@if(empty(body('Parse_Power_App_JSON')?['DatasetGUID']), outputs('Blank_JSON'), outputs('Dataset_JSON_in_Test'))",
                  "reports": "@if(empty(body('Parse_Power_App_JSON')?['ReportGUID']), outputs('Blank_JSON'), outputs('Report_JSON_in_Test'))",
                  "dashboards": [],
                  "options": {
                    "allowOverwriteArtifact": true,
                    "allowCreateArtifact": true
                  }
                },
                "authentication": {
                  "type": "ActiveDirectoryOAuth",
                  "tenant": "@parameters('Power BI App Power Automate HTTP Tenant Id (coop_PowerBIAppPowerAutomateHTTPTenantId)')",
                  "audience": "https://analysis.windows.net/powerbi/api",
                  "clientId": "@parameters('Power BI App Power Automate HTTP Client Id (coop_PowerBIAppPowerAutomateHTTPClientId)')",
                  "secret": "@outputs('Retrieve_the_HTTP_Secret')?['body/EnvironmentVariableSecretValue']"
                },
                "retryPolicy": {
                  "type": "none"
                }
              }
            },
            "Filter_Response_for_Dataset_Deployment": {
              "runAfter": {
                "Final_Response_from_Test_Deployment": [
                  "Succeeded"
                ]
              },
              "metadata": {
                "operationMetadataId": "e3f1d4c8-b91c-482a-89a1-e954a9323d48"
              },
              "type": "Query",
              "inputs": {
                "from": "@body('Final_Response_from_Test_Deployment')?['executionPlan']?['steps']",
                "where": "@equals(item()?['type'], 'DatasetDeployment')"
              }
            },
            "Final_Response_from_Test_Deployment": {
              "runAfter": {},
              "metadata": {
                "operationMetadataId": "d05c04fe-5a92-4b64-bfdc-58d81c25c5af"
              },
              "type": "ParseJson",
              "inputs": {
                "content": "@body('Check_Status_of_Test_Deployment')",
                "schema": {
                  "type": "object",
                  "properties": {
                    "@@odata.context": {
                      "type": "string"
                    },
                    "id": {
                      "type": "string"
                    },
                    "type": {
                      "type": "string"
                    },
                    "status": {
                      "type": "string"
                    },
                    "lastUpdatedTime": {
                      "type": "string"
                    },
                    "executionStartTime": {
                      "type": "string"
                    },
                    "executionEndTime": {
                      "type": "string"
                    },
                    "sourceStageOrder": {
                      "type": "integer"
                    },
                    "targetStageOrder": {
                      "type": "integer"
                    },
                    "executionPlan": {
                      "type": "object",
                      "properties": {
                        "steps": {
                          "type": "array",
                          "items": {
                            "type": "object",
                            "properties": {
                              "index": {
                                "type": "integer"
                              },
                              "type": {
                                "type": "string"
                              },
                              "status": {
                                "type": "string"
                              },
                              "sourceAndTarget": {
                                "type": "object",
                                "properties": {
                                  "source": {
                                    "type": "string"
                                  },
                                  "target": {
                                    "type": "string"
                                  },
                                  "type": {
                                    "type": "string"
                                  }
                                }
                              }
                            },
                            "required": [
                              "index",
                              "type",
                              "status",
                              "sourceAndTarget"
                            ]
                          }
                        }
                      }
                    }
                  }
                }
              }
            },
            "Dataset_JSON_in_Test": {
              "runAfter": {
                "Filter_Response_for_Dataset_Deployment": [
                  "Succeeded"
                ]
              },
              "metadata": {
                "operationMetadataId": "6397d157-4079-42af-8195-e263feede891"
              },
              "type": "Compose",
              "inputs": [
                {
                  "sourceId": "@{body('Filter_Response_for_Dataset_Deployment')?[0]?['sourceAndTarget']?['target']}"
                }
              ]
            },
            "Filter_Response_for_Report_Deployment": {
              "runAfter": {
                "Dataset_JSON_in_Test": [
                  "Succeeded"
                ]
              },
              "metadata": {
                "operationMetadataId": "2efec2fd-e153-4d1c-b50c-8b703799c012"
              },
              "type": "Query",
              "inputs": {
                "from": "@body('Final_Response_from_Test_Deployment')?['executionPlan']?['steps']",
                "where": "@equals(item()?['type'], 'ReportDeployment')"
              }
            },
            "Report_JSON_in_Test": {
              "runAfter": {
                "Filter_Response_for_Report_Deployment": [
                  "Succeeded"
                ]
              },
              "metadata": {
                "operationMetadataId": "6397d157-4079-42af-8195-e263feede891"
              },
              "type": "Compose",
              "inputs": [
                {
                  "sourceId": "@{body('Filter_Response_for_Report_Deployment')?[0]?['sourceAndTarget']?['target']}"
                }
              ]
            }
          },
          "runAfter": {
            "Pipeline_Deploy_to_Test": [
              "Succeeded"
            ]
          },
          "expression": {
            "and": [
              {
                "equals": [
                  "@body('Parse_Power_App_JSON')?['PromoteProd']",
                  "@true"
                ]
              },
              {
                "not": {
                  "equals": [
                    "@body('Parse_Power_App_JSON')?['PipelineGUID']",
                    ""
                  ]
                }
              },
              {
                "equals": [
                  "@variables('IsPipelineExecuting')",
                  "Succeeded"
                ]
              }
            ]
          },
          "metadata": {
            "operationMetadataId": "c8636c92-4912-4eff-a90f-eb3cea41f333"
          },
          "type": "If"
        },
        "Blank_JSON": {
          "runAfter": {
            "Publish_Is_True": [
              "Succeeded"
            ]
          },
          "metadata": {
            "operationMetadataId": "c550342f-65b5-4b9d-abef-bef2ebd6d977"
          },
          "type": "Compose",
          "inputs": []
        },
        "Retrieve_the_HTTP_Secret": {
          "runAfter": {
            "Parse_Power_App_JSON": [
              "Succeeded"
            ]
          },
          "metadata": {
            "operationMetadataId": "2adb30c8-3980-4448-94f2-05d3803fe701"
          },
          "type": "OpenApiConnection",
          "inputs": {
            "host": {
              "connectionName": "shared_commondataserviceforapps_1",
              "operationId": "PerformUnboundAction",
              "apiId": "/providers/Microsoft.PowerApps/apis/shared_commondataserviceforapps"
            },
            "parameters": {
              "actionName": "RetrieveEnvironmentVariableSecretValue",
              "item/EnvironmentVariableName": "coop_PowerBIAppPowerAutomateHTTPSecret"
            },
            "authentication": "@parameters('$authentication')"
          },
          "runtimeConfiguration": {
            "secureData": {
              "properties": [
                "outputs"
              ]
            }
          }
        }
      }
    },
    "templateName": ""
  },
  "schemaVersion": "1.0.0.0"
}