{
  "properties": {
    "connectionReferences": {
      "shared_sharepointonline_1": {
        "runtimeSource": "invoker",
        "connection": {
          "connectionReferenceLogicalName": "coop_PowerBIAppSharePoint"
        },
        "api": {
          "name": "shared_sharepointonline"
        }
      },
      "shared_commondataserviceforapps": {
        "runtimeSource": "embedded",
        "connection": {
          "connectionReferenceLogicalName": "coop_PowerBIAppDataverse"
        },
        "api": {
          "name": "shared_commondataserviceforapps"
        }
      }
    },
    "definition": {
      "$schema": "https://schema.management.azure.com/providers/Microsoft.Logic/schemas/2016-06-01/workflowdefinition.json#",
      "contentVersion": "1.0.0.0",
      "parameters": {
        "$connections": {
          "defaultValue": {},
          "type": "Object"
        },
        "$authentication": {
          "defaultValue": {},
          "type": "SecureObject"
        },
        "Power BI App SharePoint Site Address (coop_PowerBIAppSharePointSiteAddress)": {
          "defaultValue": "https://cooptimizes.sharepoint.com/sites/PowerBIFilesandLists",
          "type": "String",
          "metadata": {
            "schemaName": "coop_PowerBIAppSharePointSiteAddress",
            "description": "URL for the SharePoint site that contains the .pbix files"
          }
        },
        "Power BI App SharePoint Library Name (coop_PowerBIAppSharePointLibraryName)": {
          "defaultValue": "Documents",
          "type": "String",
          "metadata": {
            "schemaName": "coop_PowerBIAppSharePointLibraryName",
            "description": "SharePoint library that stores the .pbix files."
          }
        },
        "Power BI App Power Automate HTTP Tenant Id (coop_PowerBIAppPowerAutomateHTTPTenantId)": {
          "defaultValue": "abf29d42-2ea9-422b-b0af-ed7cb5595b7e",
          "type": "String",
          "metadata": {
            "schemaName": "coop_PowerBIAppPowerAutomateHTTPTenantId",
            "description": "In the App Registration form, this is the \"Directory (tenant) ID\" field."
          }
        },
        "Power BI App Power Automate HTTP Client Id (coop_PowerBIAppPowerAutomateHTTPClientId)": {
          "defaultValue": "543ff1eb-2e1d-4f83-8963-c97a42b04813",
          "type": "String",
          "metadata": {
            "schemaName": "coop_PowerBIAppPowerAutomateHTTPClientId",
            "description": "From App Registration: \"Application (client) ID\" field."
          }
        }
      },
      "triggers": {
        "manual": {
          "metadata": {
            "operationMetadataId": "0b435f6a-add2-4026-a91e-08e37e1b906a"
          },
          "type": "Request",
          "kind": "PowerAppV2",
          "inputs": {
            "schema": {
              "type": "object",
              "properties": {
                "text": {
                  "title": "InputJSON",
                  "type": "string",
                  "x-ms-dynamically-added": true,
                  "description": "InputJSON",
                  "x-ms-content-hint": "TEXT"
                }
              },
              "required": [
                "text"
              ]
            }
          }
        }
      },
      "actions": {
        "Parse_Power_Apps_Input": {
          "runAfter": {},
          "metadata": {
            "operationMetadataId": "1cf1ea76-6596-4f64-b2c5-020200566b6e"
          },
          "type": "ParseJson",
          "inputs": {
            "content": "@triggerBody()['text']",
            "schema": {
              "type": "object",
              "properties": {
                "SharePointId": {
                  "type": "integer"
                }
              }
            }
          }
        },
        "ReponseJSON": {
          "runAfter": {
            "Was_a_Workspace_Found": [
              "Succeeded"
            ]
          },
          "metadata": {
            "operationMetadataId": "eeee48c0-84e4-4241-bdfc-73779eb5e610"
          },
          "type": "Compose",
          "inputs": {
            "SharePointTitle": "@{outputs('Get_pbix_File_Properties')?['body/Title']}",
            "WorkspaceGUID": "@{variables('WorkspaceGUID')}",
            "WorkspaceName": "@{variables('WorkspaceName')}",
            "PipelineGUID": "@{variables('PipelineGUID')}",
            "PipelineName": "@{variables('PipelineName')}",
            "DatasetGUID": "@{variables('DatasetGUID')}",
            "ReportGUID": "@{variables('ReportGUID')}"
          }
        },
        "Was_a_Workspace_Found": {
          "actions": {
            "JSON_List_of_Datasets": {
              "runAfter": {
                "Find_All_Datasets": [
                  "Succeeded"
                ]
              },
              "metadata": {
                "operationMetadataId": "041e9b2d-518c-4fb8-aa83-47baf06db965"
              },
              "type": "ParseJson",
              "inputs": {
                "content": "@body('Find_All_Datasets')",
                "schema": {
                  "type": "object",
                  "properties": {
                    "@@odata.context": {
                      "type": "string"
                    },
                    "value": {
                      "type": "array",
                      "items": {
                        "type": "object",
                        "properties": {
                          "id": {
                            "type": "string"
                          },
                          "name": {
                            "type": "string"
                          },
                          "webUrl": {
                            "type": "string"
                          },
                          "addRowsAPIEnabled": {
                            "type": "boolean"
                          },
                          "configuredBy": {
                            "type": "string"
                          },
                          "isRefreshable": {
                            "type": "boolean"
                          },
                          "isEffectiveIdentityRequired": {
                            "type": "boolean"
                          },
                          "isEffectiveIdentityRolesRequired": {
                            "type": "boolean"
                          },
                          "isOnPremGatewayRequired": {
                            "type": "boolean"
                          },
                          "targetStorageMode": {
                            "type": "string"
                          },
                          "createdDate": {
                            "type": "string"
                          },
                          "createReportEmbedURL": {
                            "type": "string"
                          },
                          "qnaEmbedURL": {
                            "type": "string"
                          },
                          "upstreamDatasets": {
                            "type": "array"
                          },
                          "users": {
                            "type": "array"
                          }
                        },
                        "required": [
                          "id",
                          "name",
                          "webUrl"
                        ]
                      }
                    }
                  }
                }
              }
            },
            "Filter_Datasets_by_SharePoint_Name_Field": {
              "runAfter": {
                "JSON_List_of_Datasets": [
                  "Succeeded"
                ]
              },
              "metadata": {
                "operationMetadataId": "cdcbef09-0e8d-4fa9-9eaa-8b526fa860ae"
              },
              "type": "Query",
              "inputs": {
                "from": "@body('JSON_List_of_Datasets')?['value']",
                "where": "@equals(item()?['name'], outputs('Get_pbix_File_Properties')?['body/{Name}'])"
              }
            },
            "Parallel": {
              "runAfter": {},
              "metadata": {
                "operationMetadataId": "b7fa35d4-8b29-4954-be3c-58b572250189"
              },
              "type": "Compose",
              "inputs": "@null"
            },
            "Find_All_Datasets": {
              "runAfter": {
                "Parallel": [
                  "Succeeded"
                ]
              },
              "metadata": {
                "operationMetadataId": "b965ef68-cf24-4ab0-aedc-3af8b0d73538"
              },
              "type": "Http",
              "inputs": {
                "method": "GET",
                "uri": "https://api.powerbi.com/v1.0/myorg/groups/@{outputs('Get_pbix_File_Properties')?['body/Title']}/datasets",
                "authentication": {
                  "type": "ActiveDirectoryOAuth",
                  "tenant": "@parameters('Power BI App Power Automate HTTP Tenant Id (coop_PowerBIAppPowerAutomateHTTPTenantId)')",
                  "audience": "https://analysis.windows.net/powerbi/api",
                  "clientId": "@parameters('Power BI App Power Automate HTTP Client Id (coop_PowerBIAppPowerAutomateHTTPClientId)')",
                  "secret": "@outputs('Get_the_HTTP_Secret_Value')?['body/EnvironmentVariableSecretValue']"
                }
              },
              "runtimeConfiguration": {
                "secureData": {
                  "properties": [
                    "inputs"
                  ]
                }
              }
            },
            "Find_All_Reports": {
              "runAfter": {
                "Parallel": [
                  "Succeeded"
                ]
              },
              "metadata": {
                "operationMetadataId": "b965ef68-cf24-4ab0-aedc-3af8b0d73538"
              },
              "type": "Http",
              "inputs": {
                "method": "GET",
                "uri": "https://api.powerbi.com/v1.0/myorg/groups/@{outputs('Get_pbix_File_Properties')?['body/Title']}/reports",
                "authentication": {
                  "type": "ActiveDirectoryOAuth",
                  "tenant": "@parameters('Power BI App Power Automate HTTP Tenant Id (coop_PowerBIAppPowerAutomateHTTPTenantId)')",
                  "audience": "https://analysis.windows.net/powerbi/api",
                  "clientId": "@parameters('Power BI App Power Automate HTTP Client Id (coop_PowerBIAppPowerAutomateHTTPClientId)')",
                  "secret": "@outputs('Get_the_HTTP_Secret_Value')?['body/EnvironmentVariableSecretValue']"
                }
              },
              "runtimeConfiguration": {
                "secureData": {
                  "properties": [
                    "inputs"
                  ]
                }
              }
            },
            "JSON_List_of_Reports": {
              "runAfter": {
                "Find_All_Reports": [
                  "Succeeded"
                ]
              },
              "metadata": {
                "operationMetadataId": "23238c37-c013-40e0-a883-6086e45b9a73"
              },
              "type": "ParseJson",
              "inputs": {
                "content": "@body('Find_All_Reports')",
                "schema": {
                  "type": "object",
                  "properties": {
                    "@@odata.context": {
                      "type": "string"
                    },
                    "value": {
                      "type": "array",
                      "items": {
                        "type": "object",
                        "properties": {
                          "id": {
                            "type": "string"
                          },
                          "reportType": {
                            "type": "string"
                          },
                          "name": {
                            "type": "string"
                          },
                          "webUrl": {
                            "type": "string"
                          },
                          "embedUrl": {
                            "type": "string"
                          },
                          "isFromPbix": {
                            "type": "boolean"
                          },
                          "isOwnedByMe": {
                            "type": "boolean"
                          },
                          "datasetId": {
                            "type": "string"
                          },
                          "datasetWorkspaceId": {
                            "type": "string"
                          },
                          "users": {
                            "type": "array"
                          },
                          "subscriptions": {
                            "type": "array"
                          }
                        },
                        "required": [
                          "id",
                          "reportType",
                          "name"
                        ]
                      }
                    }
                  }
                }
              }
            },
            "Filter_Reports_by_SharePoint_Name_Field": {
              "runAfter": {
                "JSON_List_of_Reports": [
                  "Succeeded"
                ]
              },
              "metadata": {
                "operationMetadataId": "dde031bb-4be2-4c50-bcec-3a4f65f7c8ed"
              },
              "type": "Query",
              "inputs": {
                "from": "@body('JSON_List_of_Reports')?['value']",
                "where": "@equals(item()?['name'], outputs('Get_pbix_File_Properties')?['body/{Name}'])"
              }
            },
            "Set_DatasetGUID": {
              "runAfter": {
                "Filter_Datasets_by_SharePoint_Name_Field": [
                  "Succeeded"
                ]
              },
              "metadata": {
                "operationMetadataId": "907ec7de-22db-4862-9aaf-289326271fa1"
              },
              "type": "SetVariable",
              "inputs": {
                "name": "DatasetGUID",
                "value": "@{body('Filter_Datasets_by_SharePoint_Name_Field')?[0]?['id']}"
              }
            },
            "Set_ReportGUID": {
              "runAfter": {
                "Filter_Reports_by_SharePoint_Name_Field": [
                  "Succeeded"
                ]
              },
              "metadata": {
                "operationMetadataId": "77aa2acf-613e-4163-a6d6-64d15b5cfc1e"
              },
              "type": "SetVariable",
              "inputs": {
                "name": "ReportGUID",
                "value": "@{body('Filter_Reports_by_SharePoint_Name_Field')?[0]?['id']}"
              }
            },
            "Find_All_Pipelines": {
              "runAfter": {
                "Parallel": [
                  "Succeeded"
                ]
              },
              "metadata": {
                "operationMetadataId": "b965ef68-cf24-4ab0-aedc-3af8b0d73538"
              },
              "type": "Http",
              "inputs": {
                "method": "GET",
                "uri": "https://api.powerbi.com/v1.0/myorg/pipelines",
                "authentication": {
                  "type": "ActiveDirectoryOAuth",
                  "tenant": "@parameters('Power BI App Power Automate HTTP Tenant Id (coop_PowerBIAppPowerAutomateHTTPTenantId)')",
                  "audience": "https://analysis.windows.net/powerbi/api",
                  "clientId": "@parameters('Power BI App Power Automate HTTP Client Id (coop_PowerBIAppPowerAutomateHTTPClientId)')",
                  "secret": "@outputs('Get_the_HTTP_Secret_Value')?['body/EnvironmentVariableSecretValue']"
                }
              },
              "runtimeConfiguration": {
                "secureData": {
                  "properties": [
                    "inputs"
                  ]
                }
              }
            },
            "JSON_List_of_Pipelines": {
              "runAfter": {
                "Find_All_Pipelines": [
                  "Succeeded"
                ]
              },
              "metadata": {
                "operationMetadataId": "39269eb7-0a55-4c28-b974-d25a384b2bb6"
              },
              "type": "ParseJson",
              "inputs": {
                "content": "@body('Find_All_Pipelines')",
                "schema": {
                  "type": "object",
                  "properties": {
                    "@@odata.context": {
                      "type": "string"
                    },
                    "value": {
                      "type": "array",
                      "items": {
                        "type": "object",
                        "properties": {
                          "id": {
                            "type": "string"
                          },
                          "displayName": {
                            "type": "string"
                          }
                        },
                        "required": [
                          "id",
                          "displayName"
                        ]
                      }
                    }
                  }
                }
              }
            },
            "For_Each_Pipeline": {
              "foreach": "@body('JSON_List_of_Pipelines')?['value']",
              "actions": {
                "Find_Stages_in_Pipeline": {
                  "runAfter": {},
                  "metadata": {
                    "operationMetadataId": "b965ef68-cf24-4ab0-aedc-3af8b0d73538"
                  },
                  "type": "Http",
                  "inputs": {
                    "method": "GET",
                    "uri": "https://api.powerbi.com/v1.0/myorg/pipelines/@{items('For_Each_Pipeline')?['id']}?$expand=stages",
                    "authentication": {
                      "type": "ActiveDirectoryOAuth",
                      "tenant": "@parameters('Power BI App Power Automate HTTP Tenant Id (coop_PowerBIAppPowerAutomateHTTPTenantId)')",
                      "audience": "https://analysis.windows.net/powerbi/api",
                      "clientId": "@parameters('Power BI App Power Automate HTTP Client Id (coop_PowerBIAppPowerAutomateHTTPClientId)')",
                      "secret": "@outputs('Get_the_HTTP_Secret_Value')?['body/EnvironmentVariableSecretValue']"
                    }
                  },
                  "runtimeConfiguration": {
                    "secureData": {
                      "properties": [
                        "inputs"
                      ]
                    }
                  }
                },
                "JSON_List_of_Stages_in_Pipeline": {
                  "runAfter": {
                    "Find_Stages_in_Pipeline": [
                      "Succeeded"
                    ]
                  },
                  "metadata": {
                    "operationMetadataId": "6a6f15d9-dee3-49eb-a920-db2f61134c95"
                  },
                  "type": "ParseJson",
                  "inputs": {
                    "content": "@body('Find_Stages_in_Pipeline')",
                    "schema": {
                      "type": "object",
                      "properties": {
                        "@@odata.context": {
                          "type": "string"
                        },
                        "id": {
                          "type": "string"
                        },
                        "displayName": {
                          "type": "string"
                        },
                        "stages": {
                          "type": "array",
                          "items": {
                            "type": "object",
                            "properties": {
                              "order": {
                                "type": "integer"
                              },
                              "workspaceId": {
                                "type": "string"
                              },
                              "workspaceName": {
                                "type": [
                                  "string",
                                  "null"
                                ]
                              }
                            },
                            "required": [
                              "order",
                              "workspaceId"
                            ]
                          }
                        }
                      }
                    }
                  }
                },
                "Filter_Stages_by_Workspace_Id": {
                  "runAfter": {
                    "JSON_List_of_Stages_in_Pipeline": [
                      "Succeeded"
                    ]
                  },
                  "metadata": {
                    "operationMetadataId": "dde031bb-4be2-4c50-bcec-3a4f65f7c8ed"
                  },
                  "type": "Query",
                  "inputs": {
                    "from": "@body('JSON_List_of_Stages_in_Pipeline')?['stages']",
                    "where": "@equals(item()?['workspaceId'], variables('WorkspaceGUID'))"
                  }
                },
                "Was_the_Workspace_Found": {
                  "actions": {
                    "Set_PipelineGUID": {
                      "runAfter": {},
                      "metadata": {
                        "operationMetadataId": "c40458a8-cf82-4805-b400-df8558898b34"
                      },
                      "type": "SetVariable",
                      "inputs": {
                        "name": "PipelineGUID",
                        "value": "@items('For_Each_Pipeline')?['id']"
                      }
                    },
                    "Set_PipelineName": {
                      "runAfter": {
                        "Set_PipelineGUID": [
                          "Succeeded"
                        ]
                      },
                      "metadata": {
                        "operationMetadataId": "c40458a8-cf82-4805-b400-df8558898b34"
                      },
                      "type": "SetVariable",
                      "inputs": {
                        "name": "PipelineName",
                        "value": "@{items('For_Each_Pipeline')?['displayName']}"
                      }
                    }
                  },
                  "runAfter": {
                    "Filter_Stages_by_Workspace_Id": [
                      "Succeeded"
                    ]
                  },
                  "expression": {
                    "not": {
                      "equals": [
                        "@body('Filter_Stages_by_Workspace_Id')?[0]?['workspaceid']",
                        "@null"
                      ]
                    }
                  },
                  "metadata": {
                    "operationMetadataId": "a8ab4a0a-737d-4a53-ba19-adb51369046a"
                  },
                  "type": "If"
                }
              },
              "runAfter": {
                "JSON_List_of_Pipelines": [
                  "Succeeded"
                ]
              },
              "metadata": {
                "operationMetadataId": "446bc169-22c3-4731-9204-2cd556717661"
              },
              "type": "Foreach"
            }
          },
          "runAfter": {
            "Was_a_SharePoint_Title_Found": [
              "Succeeded"
            ]
          },
          "expression": {
            "not": {
              "equals": [
                "@variables('WorkspaceGUID')",
                "@null"
              ]
            }
          },
          "metadata": {
            "operationMetadataId": "4ef3ff75-f332-4921-a51f-12b881040ad8"
          },
          "type": "If"
        },
        "Was_a_SharePoint_Title_Found": {
          "actions": {
            "Find_All_Workspaces": {
              "runAfter": {},
              "metadata": {
                "operationMetadataId": "b965ef68-cf24-4ab0-aedc-3af8b0d73538"
              },
              "type": "Http",
              "inputs": {
                "method": "GET",
                "uri": "https://api.powerbi.com/v1.0/myorg/Groups",
                "authentication": {
                  "type": "ActiveDirectoryOAuth",
                  "tenant": "@parameters('Power BI App Power Automate HTTP Tenant Id (coop_PowerBIAppPowerAutomateHTTPTenantId)')",
                  "audience": "https://analysis.windows.net/powerbi/api",
                  "clientId": "@parameters('Power BI App Power Automate HTTP Client Id (coop_PowerBIAppPowerAutomateHTTPClientId)')",
                  "secret": "@outputs('Get_the_HTTP_Secret_Value')?['body/EnvironmentVariableSecretValue']"
                }
              },
              "operationOptions": "DisableAsyncPattern",
              "runtimeConfiguration": {
                "secureData": {
                  "properties": [
                    "inputs"
                  ]
                }
              }
            },
            "JSON_List_of_Workspaces": {
              "runAfter": {
                "Find_All_Workspaces": [
                  "Succeeded"
                ]
              },
              "metadata": {
                "operationMetadataId": "2fd470ab-e9e2-4d5e-9b48-c3d13eb241e5"
              },
              "type": "ParseJson",
              "inputs": {
                "content": "@body('Find_All_Workspaces')",
                "schema": {
                  "type": "object",
                  "properties": {
                    "@@odata.context": {
                      "type": "string"
                    },
                    "@@odata.count": {
                      "type": "integer"
                    },
                    "value": {
                      "type": "array",
                      "items": {
                        "type": "object",
                        "properties": {
                          "id": {
                            "type": "string"
                          },
                          "isReadOnly": {
                            "type": "boolean"
                          },
                          "isOnDedicatedCapacity": {
                            "type": "boolean"
                          },
                          "capacityId": {
                            "type": "string"
                          },
                          "type": {
                            "type": "string"
                          },
                          "dataflowStorageId": {
                            "type": "string"
                          },
                          "name": {
                            "type": "string"
                          }
                        },
                        "required": [
                          "id",
                          "name"
                        ]
                      }
                    }
                  }
                }
              }
            },
            "Filter_Workspaces_by_SharePoint_Title_Field": {
              "runAfter": {
                "JSON_List_of_Workspaces": [
                  "Succeeded"
                ]
              },
              "metadata": {
                "operationMetadataId": "30f2739d-0384-4b59-876b-ab1f6bef25f8"
              },
              "type": "Query",
              "inputs": {
                "from": "@body('JSON_List_of_Workspaces')?['value']",
                "where": "@equals(item()?['id'], outputs('Get_pbix_File_Properties')?['body/Title'])"
              }
            },
            "Set_WorkspaceGUID": {
              "runAfter": {
                "Filter_Workspaces_by_SharePoint_Title_Field": [
                  "Succeeded"
                ]
              },
              "metadata": {
                "operationMetadataId": "25f24356-ac59-4cef-ac67-ebe5a9329751"
              },
              "type": "SetVariable",
              "inputs": {
                "name": "WorkspaceGUID",
                "value": "@{body('Filter_Workspaces_by_SharePoint_Title_Field')?[0]?['id']}"
              }
            },
            "Set_WorkspaceName": {
              "runAfter": {
                "Set_WorkspaceGUID": [
                  "Succeeded"
                ]
              },
              "metadata": {
                "operationMetadataId": "518688a4-ae35-4cf0-a8c4-d621dd5835eb"
              },
              "type": "SetVariable",
              "inputs": {
                "name": "WorkspaceName",
                "value": "@{body('Filter_Workspaces_by_SharePoint_Title_Field')?[0]?['name']}"
              }
            }
          },
          "runAfter": {
            "Get_pbix_File_Properties": [
              "Succeeded"
            ]
          },
          "expression": {
            "not": {
              "equals": [
                "@outputs('Get_pbix_File_Properties')?['body/Title']",
                "@null"
              ]
            }
          },
          "metadata": {
            "operationMetadataId": "8f4a7ac5-6cda-449e-a726-ac796f13b9df"
          },
          "type": "If"
        },
        "Get_pbix_File_Properties": {
          "runAfter": {
            "Variable_ReportGUID": [
              "Succeeded"
            ]
          },
          "metadata": {
            "operationMetadataId": "dc9fd523-31b8-4326-8aa5-6ea9a828ed7a"
          },
          "type": "OpenApiConnection",
          "inputs": {
            "host": {
              "connectionName": "shared_sharepointonline_1",
              "operationId": "GetFileItem",
              "apiId": "/providers/Microsoft.PowerApps/apis/shared_sharepointonline"
            },
            "parameters": {
              "dataset": "@parameters('Power BI App SharePoint Site Address (coop_PowerBIAppSharePointSiteAddress)')",
              "table": "@parameters('Power BI App SharePoint Library Name (coop_PowerBIAppSharePointLibraryName)')",
              "id": "@body('Parse_Power_Apps_Input')?['SharePointId']"
            },
            "authentication": "@parameters('$authentication')"
          }
        },
        "Respond_to_a_PowerApp_or_flow": {
          "runAfter": {
            "ReponseJSON": [
              "Succeeded"
            ]
          },
          "metadata": {
            "operationMetadataId": "f49c21b7-064c-47b1-b3fc-05994b79ae89"
          },
          "type": "Response",
          "kind": "PowerApp",
          "inputs": {
            "statusCode": 200,
            "body": {
              "responsejson": "@{outputs('ReponseJSON')}"
            },
            "schema": {
              "type": "object",
              "properties": {
                "responsejson": {
                  "title": "ResponseJSON",
                  "x-ms-dynamically-added": true,
                  "type": "string"
                }
              }
            }
          }
        },
        "Variable_DatasetGUID": {
          "runAfter": {
            "Variable_PipelineGUID": [
              "Succeeded"
            ]
          },
          "metadata": {
            "operationMetadataId": "518f900e-4321-4064-8975-f3166fd0950d"
          },
          "type": "InitializeVariable",
          "inputs": {
            "variables": [
              {
                "name": "DatasetGUID",
                "type": "string"
              }
            ]
          }
        },
        "Variable_ReportGUID": {
          "runAfter": {
            "Variable_DatasetGUID": [
              "Succeeded"
            ]
          },
          "metadata": {
            "operationMetadataId": "ee23f315-1b4c-405d-9d2a-818a835f9533"
          },
          "type": "InitializeVariable",
          "inputs": {
            "variables": [
              {
                "name": "ReportGUID",
                "type": "string"
              }
            ]
          }
        },
        "Variable_WorkspaceName": {
          "runAfter": {
            "Get_the_HTTP_Secret_Value": [
              "Succeeded"
            ]
          },
          "metadata": {
            "operationMetadataId": "0d733545-c821-453e-beae-ead95248cdc9"
          },
          "type": "InitializeVariable",
          "inputs": {
            "variables": [
              {
                "name": "WorkspaceName",
                "type": "string"
              }
            ]
          }
        },
        "Variable_WorkspaceGUID": {
          "runAfter": {
            "Variable_WorkspaceName": [
              "Succeeded"
            ]
          },
          "metadata": {
            "operationMetadataId": "cfdd7156-567b-4ea3-88ef-5324965aa607"
          },
          "type": "InitializeVariable",
          "inputs": {
            "variables": [
              {
                "name": "WorkspaceGUID",
                "type": "string"
              }
            ]
          }
        },
        "Variable_PipelineGUID": {
          "runAfter": {
            "Variable_PipelineName": [
              "Succeeded"
            ]
          },
          "metadata": {
            "operationMetadataId": "d110b64b-b240-4134-8bb7-6bed95830577"
          },
          "type": "InitializeVariable",
          "inputs": {
            "variables": [
              {
                "name": "PipelineGUID",
                "type": "string"
              }
            ]
          }
        },
        "Variable_PipelineName": {
          "runAfter": {
            "Variable_WorkspaceGUID": [
              "Succeeded"
            ]
          },
          "metadata": {
            "operationMetadataId": "8b4a3f17-fbe2-46c6-9cc3-0ad8810dc3c0"
          },
          "type": "InitializeVariable",
          "inputs": {
            "variables": [
              {
                "name": "PipelineName",
                "type": "string"
              }
            ]
          }
        },
        "Get_the_HTTP_Secret_Value": {
          "runAfter": {
            "Parse_Power_Apps_Input": [
              "Succeeded"
            ]
          },
          "metadata": {
            "operationMetadataId": "d0168165-9ac0-4ac9-ab11-1cabcb3ccd62"
          },
          "type": "OpenApiConnection",
          "inputs": {
            "host": {
              "connectionName": "shared_commondataserviceforapps",
              "operationId": "PerformUnboundAction",
              "apiId": "/providers/Microsoft.PowerApps/apis/shared_commondataserviceforapps"
            },
            "parameters": {
              "actionName": "RetrieveEnvironmentVariableSecretValue",
              "item/EnvironmentVariableName": "coop_PowerBIAppPowerAutomateHTTPSecret"
            },
            "authentication": "@parameters('$authentication')"
          },
          "runtimeConfiguration": {
            "secureData": {
              "properties": [
                "outputs"
              ]
            }
          }
        }
      }
    },
    "templateName": ""
  },
  "schemaVersion": "1.0.0.0"
}