<environmentvariabledefinition schemaname="coop_PowerBIAppSharePointSiteAddress">
  <description default="URL for the SharePoint site that contains the .pbix files">
    <label description="URL for the SharePoint site that contains the .pbix files" languagecode="1033" />
  </description>
  <displayname default="Power BI App SharePoint Site Address">
    <label description="Power BI App SharePoint Site Address" languagecode="1033" />
  </displayname>
  <introducedversion>1.0.0.0</introducedversion>
  <iscustomizable>1</iscustomizable>
  <isrequired>0</isrequired>
  <secretstore>0</secretstore>
  <type>100000000</type>
</environmentvariabledefinition>