<environmentvariabledefinition schemaname="coop_PowerBIAppSharePointLibraryName">
  <description default="SharePoint library that stores the .pbix files.">
    <label description="SharePoint library that stores the .pbix files." languagecode="1033" />
  </description>
  <displayname default="Power BI App SharePoint Library Name">
    <label description="Power BI App SharePoint Library Name" languagecode="1033" />
  </displayname>
  <introducedversion>1.0.0.0</introducedversion>
  <iscustomizable>1</iscustomizable>
  <isrequired>0</isrequired>
  <secretstore>0</secretstore>
  <type>100000000</type>
</environmentvariabledefinition>