<ImportExportXml version="9.2.23092.212" SolutionPackageVersion="9.2" languagecode="1033" generatedBy="CrmLive" xmlns:xsi="http://www.w3.org/2001/XMLSchema-instance">
  <SolutionManifest>
    <UniqueName>pbiapp_PowerBICheckinApp</UniqueName>
    <LocalizedNames>
      <LocalizedName description="Power BI Check-in App" languagecode="1033" />
    </LocalizedNames>
    <Descriptions />
    <Version>1.0.0.16</Version>
    <Managed>1</Managed>
    <Publisher>
      <UniqueName>Cooptimize</UniqueName>
      <LocalizedNames>
        <LocalizedName description="Cooptimize" languagecode="1033" />
      </LocalizedNames>
      <Descriptions>
        <Description description="Cooptimize customizations." languagecode="1033" />
      </Descriptions>
      <EMailAddress xsi:nil="true"></EMailAddress>
      <SupportingWebsiteUrl xsi:nil="true"></SupportingWebsiteUrl>
      <CustomizationPrefix>coop</CustomizationPrefix>
      <CustomizationOptionValuePrefix>14445</CustomizationOptionValuePrefix>
      <Addresses>
        <Address>
          <AddressNumber>1</AddressNumber>
          <AddressTypeCode>1</AddressTypeCode>
          <City xsi:nil="true"></City>
          <County xsi:nil="true"></County>
          <Country xsi:nil="true"></Country>
          <Fax xsi:nil="true"></Fax>
          <FreightTermsCode xsi:nil="true"></FreightTermsCode>
          <ImportSequenceNumber xsi:nil="true"></ImportSequenceNumber>
          <Latitude xsi:nil="true"></Latitude>
          <Line1 xsi:nil="true"></Line1>
          <Line2 xsi:nil="true"></Line2>
          <Line3 xsi:nil="true"></Line3>
          <Longitude xsi:nil="true"></Longitude>
          <Name xsi:nil="true"></Name>
          <PostalCode xsi:nil="true"></PostalCode>
          <PostOfficeBox xsi:nil="true"></PostOfficeBox>
          <PrimaryContactName xsi:nil="true"></PrimaryContactName>
          <ShippingMethodCode>1</ShippingMethodCode>
          <StateOrProvince xsi:nil="true"></StateOrProvince>
          <Telephone1 xsi:nil="true"></Telephone1>
          <Telephone2 xsi:nil="true"></Telephone2>
          <Telephone3 xsi:nil="true"></Telephone3>
          <TimeZoneRuleVersionNumber xsi:nil="true"></TimeZoneRuleVersionNumber>
          <UPSZone xsi:nil="true"></UPSZone>
          <UTCOffset xsi:nil="true"></UTCOffset>
          <UTCConversionTimeZoneCode xsi:nil="true"></UTCConversionTimeZoneCode>
        </Address>
        <Address>
          <AddressNumber>2</AddressNumber>
          <AddressTypeCode>1</AddressTypeCode>
          <City xsi:nil="true"></City>
          <County xsi:nil="true"></County>
          <Country xsi:nil="true"></Country>
          <Fax xsi:nil="true"></Fax>
          <FreightTermsCode xsi:nil="true"></FreightTermsCode>
          <ImportSequenceNumber xsi:nil="true"></ImportSequenceNumber>
          <Latitude xsi:nil="true"></Latitude>
          <Line1 xsi:nil="true"></Line1>
          <Line2 xsi:nil="true"></Line2>
          <Line3 xsi:nil="true"></Line3>
          <Longitude xsi:nil="true"></Longitude>
          <Name xsi:nil="true"></Name>
          <PostalCode xsi:nil="true"></PostalCode>
          <PostOfficeBox xsi:nil="true"></PostOfficeBox>
          <PrimaryContactName xsi:nil="true"></PrimaryContactName>
          <ShippingMethodCode>1</ShippingMethodCode>
          <StateOrProvince xsi:nil="true"></StateOrProvince>
          <Telephone1 xsi:nil="true"></Telephone1>
          <Telephone2 xsi:nil="true"></Telephone2>
          <Telephone3 xsi:nil="true"></Telephone3>
          <TimeZoneRuleVersionNumber xsi:nil="true"></TimeZoneRuleVersionNumber>
          <UPSZone xsi:nil="true"></UPSZone>
          <UTCOffset xsi:nil="true"></UTCOffset>
          <UTCConversionTimeZoneCode xsi:nil="true"></UTCConversionTimeZoneCode>
        </Address>
      </Addresses>
    </Publisher>
    <RootComponents>
      <RootComponent type="1" schemaName="coop_powerbiappchangehistory" behavior="0" />
      <RootComponent type="29" id="{09d695db-6c49-ed11-bba1-000d3a1d5771}" behavior="0" />
      <RootComponent type="29" id="{36a1afb7-d461-ed11-9562-000d3a1d5a15}" behavior="0" />
      <RootComponent type="29" id="{e2727e9b-0b3c-ed11-9db0-0022481e8d76}" behavior="0" />
      <RootComponent type="29" id="{fdbd4536-0b3c-ed11-9db0-0022481e8d76}" behavior="0" />
      <RootComponent type="300" schemaName="coop_powerbicheckin_e314e" behavior="0" />
    </RootComponents>
    <MissingDependencies>
      <MissingDependency>
        <Required type="61" schemaName="msdyncrm_/KnowledgeArticleSubgrid/Versions_16.svg" displayName="msdyncrm_/KnowledgeArticleSubgrid/Versions_16.svg" solution="msdynce_KnowledgeManagementFeatures (9.0.23081.5020)">
          <package>msdynce_KnowledgeManagementAnchor (9.0.23081.5020)</package>
        </Required>
        <Dependent type="1" schemaName="coop_powerbiappchangehistory" displayName="Power BI App Change History" />
      </MissingDependency>
    </MissingDependencies>
  </SolutionManifest>
</ImportExportXml>