<environmentvariabledefinition schemaname="coop_PowerBIAppPowerAutomateHTTPSecret">
  <description default="From Azure Key Vault: /subscriptions/{Subscription ID}/resourceGroups/{Resource group}/providers/Microsoft.KeyVault/vaults/{Key vault (Resource name)}/secrets/{Secrets &gt; Name}">
    <label description="From Azure Key Vault: /subscriptions/{Subscription ID}/resourceGroups/{Resource group}/providers/Microsoft.KeyVault/vaults/{Key vault (Resource name)}/secrets/{Secrets &gt; Name}" languagecode="1033" />
  </description>
  <displayname default="Power BI App Power Automate HTTP Secret">
    <label description="Power BI App Power Automate HTTP Secret" languagecode="1033" />
  </displayname>
  <introducedversion>1.0.0.0</introducedversion>
  <iscustomizable>1</iscustomizable>
  <isrequired>0</isrequired>
  <secretstore>0</secretstore>
  <type>100000005</type>
</environmentvariabledefinition>