<environmentvariabledefinition schemaname="coop_PowerBIAppPowerAutomateHTTPClientId">
  <description default="From App Registration: &quot;Application (client) ID&quot; field.">
    <label description="From App Registration: &quot;Application (client) ID&quot; field." languagecode="1033" />
  </description>
  <displayname default="Power BI App Power Automate HTTP Client Id">
    <label description="Power BI App Power Automate HTTP Client Id" languagecode="1033" />
  </displayname>
  <introducedversion>1.0.0.1</introducedversion>
  <iscustomizable>1</iscustomizable>
  <isrequired>0</isrequired>
  <secretstore>0</secretstore>
  <type>100000000</type>
</environmentvariabledefinition>