<environmentvariabledefinition schemaname="coop_PowerBIAppPowerAutomateHTTPTenantId">
  <description default="In the App Registration form, this is the &quot;Directory (tenant) ID&quot; field.">
    <label description="In the App Registration form, this is the &quot;Directory (tenant) ID&quot; field." languagecode="1033" />
  </description>
  <displayname default="Power BI App Power Automate HTTP Tenant Id">
    <label description="Power BI App Power Automate HTTP Tenant Id" languagecode="1033" />
  </displayname>
  <introducedversion>1.0.0.1</introducedversion>
  <iscustomizable>1</iscustomizable>
  <isrequired>0</isrequired>
  <secretstore>0</secretstore>
  <type>100000000</type>
</environmentvariabledefinition>